{
  "digits": {
    "mean": 0.8549999833106995,
    "std": 0.016431686446655387,
    "accs": [
      0.875,
      0.8549999594688416,
      0.8299999833106995,
      0.8449999690055847,
      0.8700000047683716
    ]
  },
  "english": {
    "mean": 0.9699999690055847,
    "std": 0.010488078479480903,
    "accs": [
      0.9899999499320984,
      0.9649999737739563,
      0.9649999737739563,
      0.9699999690055847,
      0.9599999785423279
    ]
  },
  "french": {
    "mean": 0.9519999742507934,
    "std": 0.019390720610037937,
    "accs": [
      0.9799999594688416,
      0.9599999785423279,
      0.9199999570846558,
      0.949999988079071,
      0.949999988079071
    ]
  },
  "belgian": {
    "mean": 0.9769999623298645,
    "std": 0.007483307636902782,
    "accs": [
      0.9899999499320984,
      0.9749999642372131,
      0.9699999690055847,
      0.9699999690055847,
      0.9799999594688416
    ]
  }
}